{
  "count": 16817,
  "EM": 0.4869477314622109,
  "F1": 0.6355320770631889,
  "BLEU4": 0.08191010312391789,
  "ROUGE_L_F1": 0.6326014497803369
}