count,EM,F1,BLEU4,ROUGE_L_F1
16817,0.4869477314622109,0.6355320770631889,0.08191010312391789,0.6326014497803369
