{
  "losses": [
    0.5092867397639781,
    0.37719261782245733,
    0.3493235117160133,
    0.33268262771318474,
    0.3197853649854316
  ],
  "val losses": [
    0.3882304260579353,
    0.3593246912149042,
    0.35241621420191754,
    0.3314436597097359,
    0.3259511601636966
  ],
  "min train loss": 0.3197853649854316,
  "min val loss": 0.3259511601636966,
  "epochs": 5,
  "learning rate": 5.904900000000002e-05,
  "LM": "t5-base",
  "Image Embedding": "AnchorFormer+GPA",
  "subset_used": "subdata_10"
}